<?xml version="1.0" encoding="UTF-8"?>
<config xmlns="http://www.knime.org/2008/09/XMLConfig" xmlns:xsi="http://www.w3.org/2001/XMLSchema-instance" xsi:schemaLocation="http://www.knime.org/2008/09/XMLConfig http://www.knime.org/XMLConfig_2008_09.xsd" key="MiningSchema">
<config key="learning">
<entry key="array-size" type="xint" value="28"/>
<entry key="0" type="xstring" value="hotel"/>
<entry key="1" type="xstring" value="lead_time"/>
<entry key="2" type="xstring" value="arrival_date_year"/>
<entry key="3" type="xstring" value="arrival_date_month"/>
<entry key="4" type="xstring" value="arrival_date_week_number"/>
<entry key="5" type="xstring" value="arrival_date_day_of_month"/>
<entry key="6" type="xstring" value="stays_in_weekend_nights"/>
<entry key="7" type="xstring" value="stays_in_week_nights"/>
<entry key="8" type="xstring" value="adults"/>
<entry key="9" type="xstring" value="children"/>
<entry key="10" type="xstring" value="babies"/>
<entry key="11" type="xstring" value="meal"/>
<entry key="12" type="xstring" value="market_segment"/>
<entry key="13" type="xstring" value="distribution_channel"/>
<entry key="14" type="xstring" value="is_repeated_guest"/>
<entry key="15" type="xstring" value="previous_cancellations"/>
<entry key="16" type="xstring" value="previous_bookings_not_canceled"/>
<entry key="17" type="xstring" value="reserved_room_type"/>
<entry key="18" type="xstring" value="assigned_room_type"/>
<entry key="19" type="xstring" value="booking_changes"/>
<entry key="20" type="xstring" value="deposit_type"/>
<entry key="21" type="xstring" value="agent"/>
<entry key="22" type="xstring" value="company"/>
<entry key="23" type="xstring" value="days_in_waiting_list"/>
<entry key="24" type="xstring" value="customer_type"/>
<entry key="25" type="xstring" value="adr"/>
<entry key="26" type="xstring" value="required_car_parking_spaces"/>
<entry key="27" type="xstring" value="total_of_special_requests"/>
</config>
<config key="target">
<entry key="array-size" type="xint" value="1"/>
<entry key="0" type="xstring" value="is_canceled"/>
</config>
</config>
